"tid";"molregno";"disease_efficacy"
11060;1124;1
10193;675068;1
10193;674765;1
10193;1085;1
10193;1125;1
10193;1124;1
159;378315;1
219;674722;1
219;1102940;1
219;230999;1
219;674857;1
219;554127;1
219;1049461;1
219;674831;1
219;674430;1
219;594843;1
219;453573;1
219;1418097;1
219;445395;1
219;674555;1
219;674754;1
219;674886;1
219;562404;1
219;674715;1
219;1927030;1
219;675716;1
219;674424;1
219;195974;1
219;892;1
219;14406;1
219;674281;1
219;1449190;1
219;674901;1
219;1406675;1
219;674975;1
219;229058;1
219;170395;1
219;674842;1
219;674978;1
219;674298;1
219;1594639;1
62;674463;1
187;675418;1
187;675776;1
187;1121853;1
187;675483;1
11758;675815;1
11758;390990;1
111;674777;1
111;1376008;1
112;675409;1
112;227437;1
112;675059;1
11265;1592399;1
11265;675135;1
160;500007;1
160;675370;1
10073;293438;1
179;21523;1
179;674632;1
11;675525;1
11;1376019;1
11;675435;1
11;1038352;1
11;188815;1
12;1381057;1
12;1380413;1
12;1380151;1
12;675518;1
12;675554;1
12;675431;1
12;73547;1
12;127755;1
15;366278;1
15;675113;1
15;1085;1
15;1124;1
15;366279;1
15;1125;1
15;674765;1
117;1592399;1
117;675135;1
279;674954;1
279;674472;1
63;674596;1
63;674426;1
63;446279;1
63;462435;1
63;840903;1
63;624185;1
63;674927;1
69;674962;1
69;421317;1
69;674485;1
69;674648;1
69;189203;1
69;1592407;1
69;544432;1
69;444750;1
69;674294;1
69;1110310;1
69;674610;1
69;674782;1
260;400344;1
261;8130;1
12697;11305;1
77;293438;1
201;1285395;1
201;675361;1
201;675493;1
84;485738;1
188;675581;1
188;1328912;1
188;1121953;1
188;675130;1
127;675544;1
127;1093813;1
127;674442;1
127;674448;1
127;674569;1
127;550917;1
127;1926757;1
127;674589;1
127;674701;1
127;674760;1
127;674912;1
127;674957;1
127;675064;1
127;551224;1
127;674483;1
127;674878;1
127;110803;1
127;496910;1
127;674746;1
127;699453;1
127;674918;1
127;675019;1
127;674541;1
127;674752;1
127;674925;1
127;675698;1
127;226880;1
127;674401;1
127;674720;1
127;674958;1
127;191342;1
127;468199;1
127;490981;1
127;674343;1
127;674397;1
127;674501;1
127;675141;1
127;675710;1
127;447448;1
127;479129;1
127;674354;1
127;674357;1
127;1376009;1
127;674910;1
127;675040;1
127;674974;1
127;674346;1
127;524710;1
127;674899;1
185;675617;1
185;675782;1
185;675482;1
185;675371;1
185;675784;1
3;44920;1
3;283529;1
3;564291;1
3;1285392;1
11208;11305;1
72;675025;1
72;674807;1
72;674902;1
72;16505;1
72;674658;1
72;37266;1
72;674743;1
72;675038;1
72;674538;1
72;674805;1
72;1537268;1
72;80209;1
72;675053;1
72;1926823;1
72;155006;1
72;675683;1
72;13949;1
72;675003;1
72;674891;1
72;674370;1
72;468656;1
72;209829;1
72;674853;1
72;16584;1
72;674899;1
119;675489;1
119;675461;1
119;675410;1
115;1376065;1
115;109797;1
115;421066;1
115;139045;1
115;674621;1
115;674643;1
115;116349;1
115;674938;1
115;116949;1
227;674794;1
227;674889;1
229;675485;1
40;421089;1
40;421208;1
81;675524;1
83;674699;1
12840;675684;1
12840;450864;1
125;675476;1
125;33307;1
125;674995;1
125;674646;1
9;675778;1
9;675579;1
9;611647;1
9;88232;1
9;675130;1
130;112655;1
130;80209;1
89;84644;1
145;4941;1
145;374005;1
95;675530;1
95;675508;1
95;675623;1
95;675639;1
118;1376005;1
118;674622;1
118;674462;1
118;237298;1
118;1341219;1
118;674452;1
118;674460;1
118;674467;1
118;674505;1
118;236376;1
118;674726;1
120;33679;1
55;9217;1
55;674711;1
55;72430;1
55;33202;1
55;674964;1
55;1223;1
61;674857;1
61;674298;1
61;1449190;1
61;674831;1
61;230999;1
61;554127;1
61;453573;1
151;619;1
61;150389;1
61;674779;1
61;674986;1
61;1049461;1
61;675018;1
61;674430;1
61;674722;1
61;1418097;1
61;583519;1
61;445395;1
61;426067;1
61;661796;1
61;674377;1
61;674921;1
61;674901;1
61;674975;1
61;674334;1
61;674978;1
61;674842;1
8;1377978;1
8;675691;1
8;361469;1
8;62111;1
8;1277553;1
8;485100;1
265;675783;1
265;457400;1
11307;11305;1
50;1279;1
50;674788;1
50;674764;1
50;675066;1
50;674696;1
50;674659;1
50;675128;1
50;8543;1
50;674898;1
50;674369;1
50;444077;1
50;27570;1
50;505776;1
50;674314;1
50;546564;1
50;674849;1
50;543228;1
50;674821;1
50;674288;1
50;705951;1
50;675682;1
50;675014;1
50;8531;1
11272;675464;1
11272;674278;1
11272;674300;1
11272;705811;1
11399;127755;1
167;139281;1
167;2654;1
167;180329;1
167;2046;1
167;674438;1
151;73548;1
151;92458;1
151;674990;1
151;62615;1
151;674567;1
151;428791;1
151;453564;1
151;2045;1
151;515239;1
151;583522;1
151;134100;1
151;134333;1
151;453832;1
152;1051131;1
282;674727;1
142;8130;1
5;596044;1
285;364859;1
134;675409;1
134;675059;1
106;1510461;1
106;196215;1
106;674954;1
106;674322;1
106;674472;1
106;674552;1
106;674983;1
106;27111;1
106;675101;1
144;1543375;1
144;3183;1
144;699431;1
144;54547;1
144;551486;1
144;675062;1
144;674836;1
144;674891;1
10472;674706;1
80;675133;1
80;923;1
80;1248731;1
80;674637;1
80;924;1
10904;1277553;1
10904;674436;1
14;453578;1
283;1377883;1
283;1991;1
283;15217;1
121;161281;1
121;549367;1
121;674273;1
121;674661;1
121;674732;1
121;345595;1
121;549372;1
121;674560;1
121;675033;1
121;674546;1
121;1038357;1
121;674749;1
121;675017;1
121;674915;1
121;155045;1
121;675679;1
121;674279;1
121;543658;1
121;674582;1
121;1369635;1
121;674443;1
121;675107;1
121;674283;1
197;361469;1
197;674436;1
197;485100;1
12786;1592399;1
148;675409;1
133;550857;1
133;62701;1
133;666;1
133;674711;1
133;33202;1
133;674964;1
147;675369;1
147;675494;1
147;1592393;1
163;675696;1
163;2994;1
163;28331;1
163;16415;1
163;100310;1
172;674929;1
149;674428;1
149;647206;1
149;395607;1
224;17471;1
224;33727;1
224;394231;1
224;674723;1
224;674830;1
30;94571;1
238;361469;1
238;675684;1
238;1277553;1
238;674436;1
238;450864;1
238;485100;1
10580;675138;1
70;2080;1
70;527016;1
70;675010;1
102;78303;1
102;675002;1
102;674900;1
102;27604;1
102;1382812;1
102;1620;1
102;1383722;1
102;674939;1
102;524710;1
11140;377715;1
11140;675125;1
11140;399873;1
11140;675694;1
51;674350;1
51;1510461;1
51;674889;1
51;155006;1
51;1038357;1
180;72873;1
16;675528;1
16;675454;1
16;675574;1
16;675608;1
16;675515;1
35;675595;1
16;675473;1
16;675462;1
16;674595;1
28;82983;1
28;674324;1
28;598447;1
28;368538;1
234;675627;1
234;675637;1
198;675577;1
78;675607;1
78;675540;1
154;675393;1
154;675376;1
154;1376054;1
154;675424;1
157;93895;1
157;96107;1
39;674813;1
165;5638;1
165;674515;1
165;630439;1
165;546564;1
166;675464;1
166;705811;1
73;328158;1
73;13474;1
12670;674436;1
12670;450864;1
60;675381;1
60;675591;1
60;675474;1
64;125294;1
64;430124;1
64;674617;1
64;674573;1
64;63252;1
64;1926758;1
64;674761;1
65;453121;1
65;337366;1
65;374548;1
65;674325;1
65;6317;1
11480;674773;1
11480;674563;1
11480;341382;1
35;675534;1
35;675609;1
35;675451;1
35;675618;1
35;675526;1
35;675547;1
35;675510;1
35;675534;1
35;675503;1
35;675565;1
35;675542;1
35;675535;1
35;675594;1
35;675436;1
35;675505;1
35;675446;1
35;675541;1
35;675366;1
35;675589;1
35;675615;1
35;675383;1
35;675478;1
35;675543;1
35;675610;1
35;675536;1
35;675386;1
35;675560;1
35;675373;1
35;675441;1
35;675445;1
35;1376661;1
139;35271;1
139;1359040;1
105;674468;1
105;1355856;1
105;674954;1
105;674552;1
105;196215;1
105;674472;1
105;674322;1
105;674983;1
105;675101;1
105;27111;1
107;59519;1
107;80209;1
107;550303;1
107;2261;1
107;674587;1
107;6216;1
107;674749;1
107;1535336;1
107;152751;1
107;155006;1
107;1926823;1
107;675011;1
107;675106;1
107;1038355;1
107;675003;1
107;27610;1
107;674370;1
107;674443;1
107;34197;1
107;675692;1
107;468656;1
107;675683;1
107;674420;1
107;674862;1
107;364141;1
107;7714;1
107;3859;1
107;674937;1
107;1369652;1
107;13949;1
107;5970;1
107;674867;1
107;209829;1
107;674853;1
107;549698;1
107;674899;1
107;550155;1
107;674948;1
108;59519;1
108;1369607;1
108;674377;1
108;674889;1
108;27610;1
108;674443;1
108;34197;1
108;675692;1
108;674862;1
108;7714;1
108;5970;1
108;674867;1
108;674749;1
108;549698;1
108;674899;1
108;550155;1
108;674948;1
108;1535336;1
108;80209;1
108;674587;1
108;675106;1
108;675011;1
109;674282;1
146;675501;1
146;40542;1
146;675470;1
11225;1926908;1
140;1285394;1
140;132003;1
140;674750;1
140;674847;1
140;674914;1
140;699456;1
174;674672;1
174;674712;1
174;158276;1
244;675413;1
245;675008;1
322;418401;1
322;675080;1
321;418401;1
321;675080;1
48;626453;1
48;674493;1
48;674961;1
48;328201;1
48;674543;1
48;421032;1
48;365248;1
48;405365;1
143;699470;1
143;7494;1
143;94408;1
252;162546;1
207;675434;1
207;675363;1
175;86042;1
31000;252155;1
23;675788;1
23;675554;1
105764;244450;1
19909;23522;1
19910;33809;1
325;430546;1
325;675007;1
10434;62111;1
10434;33576;1
155;317124;1
155;675143;1
155;674328;1
155;543;1
155;8838;1
155;675686;1
155;545956;1
155;78902;1
155;674338;1
155;23199;1
155;674733;1
155;1926820;1
155;674943;1
155;543703;1
155;675129;1
155;552883;1
155;49842;1
155;1239094;1
155;674434;1
129;699406;1
129;674562;1
129;548913;1
129;699416;1
129;674482;1
129;674550;1
129;674616;1
129;675110;1
129;30072;1
129;674841;1
129;1376014;1
129;699436;1
129;435293;1
129;547402;1
129;674776;1
129;699455;1
129;1355852;1
129;1355857;1
129;675071;1
129;675721;1
129;675114;1
129;19915;1
129;674768;1
129;1543312;1
129;674998;1
129;518361;1
129;674494;1
129;675728;1
129;76963;1
129;446784;1
129;1355867;1
91;267825;1
91;92412;1
93;353902;1
93;508667;1
93;674884;1
93;54149;1
93;443255;1
93;119717;1
93;167875;1
93;674318;1
93;674465;1
93;674492;1
93;39624;1
99;675667;1
99;675507;1
99;675667;1
10980;1376138;1
11261;1592399;1
327;43740;1
158;675506;1
158;1383724;1
32;6317;1
32;504310;1
25;27229;1
25;674796;1
25;675124;1
25;675700;1
25;27152;1
25;374052;1
25;419622;1
25;439720;1
25;641189;1
25;674446;1
25;674551;1
25;674586;1
25;674713;1
25;674816;1
25;674860;1
25;27370;1
25;421058;1
25;674293;1
25;674335;1
25;674489;1
25;674588;1
25;675032;1
25;675060;1
25;674337;1
25;674451;1
25;674496;1
25;674828;1
25;674859;1
25;674919;1
25;675015;1
25;27575;1
25;381691;1
25;419542;1
25;508532;1
25;591037;1
25;674327;1
25;674400;1
25;674513;1
25;674683;1
25;674940;1
25;674965;1
25;150313;1
25;187696;1
25;487777;1
25;515027;1
25;674725;1
25;674829;1
25;674926;1
25;675099;1
25;1347273;1
25;105252;1
25;182546;1
25;313314;1
25;365281;1
25;419410;1
25;487711;1
25;674568;1
25;674795;1
25;674904;1
25;674963;1
25;401141;1
25;712273;1
228;65494;1
228;85233;1
228;390877;1
228;417163;1
228;74911;1
228;374719;1
228;27307;1
228;674570;1
228;4345;1
228;107119;1
228;1051355;1
228;113138;1
228;33986;1
104;675093;1
104;674855;1
104;96021;1
196;675480;1
10140;675684;1
10705;448986;1
11180;442013;1
11180;404691;1
116;392195;1
21;674291;1
21;373806;1
22;549674;1
6;675697;1
6;1737244;1
6;674324;1
88;121124;1
88;674794;1
286;122901;1
30008;361469;1
19;675467;1
19;47340;1
19;342897;1
19;27626;1
19;674381;1
19;421038;1
19;1675249;1
19;31241;1
19;117108;1
19;674924;1
19;674931;1
19;675102;1
19;860;1
18043;674700;1
18043;150882;1
18043;674347;1
18043;341382;1
1;445681;1
1;448986;1
100;675599;1
100;1382808;1
100;161281;1
100;675476;1
100;699486;1
100;674545;1
100;453532;1
100;1051125;1
100;545075;1
100;624251;1
100;289505;1
100;547576;1
100;674863;1
100;1926755;1
100;675686;1
100;675679;1
100;78902;1
100;23199;1
100;674733;1
100;1926820;1
100;674943;1
100;543703;1
100;674434;1
100;674328;1
100;674582;1
100;155045;1
100;8838;1
100;674279;1
100;543;1
100;674851;1
100;674915;1
100;674283;1
100;674338;1
100;545956;1
100;1369635;1
100;49842;1
100;552883;1
100;674443;1
100;675107;1
100;674974;1
100;674346;1
100;674675;1
100;1239094;1
100;674646;1
100;675728;1
100;543658;1
100;675129;1
100;674899;1
100;675017;1
10473;20346;1
10210;1381331;1
10034;1341084;1
11785;62111;1
12209;1085;1
12209;1125;1
12209;674765;1
10977;445681;1
11926;675684;1
12642;316787;1
12642;10840;1
10919;1158402;1
11046;1378011;1
10938;1158402;1
10744;675726;1
17040;1369610;1
20092;1376111;1
11842;62111;1
12327;1542157;1
103167;425650;1
10738;373806;1
10738;674291;1
12456;340684;1
12456;470800;1
12949;438435;1
11409;1378011;1
11387;1381331;1
10266;675684;1
10266;1277553;1
11423;674858;1
10329;22391;1
11451;1376138;1
11451;602271;1
12896;1085;1
12896;1124;1
12896;366279;1
12896;1125;1
12896;674765;1
226;1369608;1
10120;1277553;1
12291;674324;1
11540;1380450;1
11540;1331852;1
12738;674650;1
12738;1540465;1
12738;674518;1
10264;675772;1
10264;1277553;1
30012;1277553;1
100417;602271;1
10992;315123;1
100829;393942;1
10511;1158403;1
11110;674650;1
11110;1540465;1
11110;674518;1
11024;674650;1
11024;1540465;1
11024;674518;1
30026;33576;1
10891;364859;1
10260;91783;1
13000;674650;1
13000;674518;1
13000;1540465;1
10511;252155;1
101079;1277553;1
100126;1377999;1
100126;1277553;1
100126;674436;1
100126;691867;1
100128;1377978;1
100262;543171;1
100262;674852;1
100262;476314;1
100262;270724;1
100262;573926;1
100262;1537155;1
100262;503697;1
100262;252768;1
100262;529987;1
12097;485738;1
18080;674563;1
102687;1377257;1
103797;675085;1
36;328153;1
36;428747;1
36;675090;1
36;675097;1
36;34608;1
36;187962;1
36;674799;1
36;674804;1
36;12825;1
36;1380067;1
36;674885;1
36;328164;1
36;429174;1
36;431376;1
36;674758;1
36;674575;1
36;712273;1
36;421032;1
36;405364;1
101400;460092;1
101412;425650;1
102767;60232;1
12913;1277553;1
12913;33576;1
103950;1121853;1
103829;77474;1
103830;77474;1
104825;685974;1
104825;366279;1
104833;93617;1
104833;154051;1
104618;77474;1
104283;675444;1
104283;115;1
104283;1355850;1
104277;1763646;1
71;28699;1
71;494630;1
71;83838;1
71;674959;1
71;28768;1
24;9495;1
24;674514;1
24;699412;1
24;1449167;1
24;1123018;1
24;30602;1
24;407354;1
24;138562;1
104679;150549;1
104679;581819;1
104679;321696;1
104679;381693;1
104679;674529;1
104679;674826;1
104679;794445;1
104681;685334;1
104682;675571;1
104682;675552;1
104682;675621;1
104682;675596;1
104682;1377665;1
104682;674549;1
104682;675116;1
104682;304798;1
104682;674626;1
104685;675576;1
104685;191902;1
104685;547764;1
104758;419601;1
104758;675812;1
104758;991212;1
104758;674881;1
104758;674359;1
104758;5975;1
104782;51042;1
104758;674421;1
104758;1418084;1
104764;1096;1
104765;675466;1
104765;675465;1
104765;674745;1
104765;21459;1
104765;675050;1
104765;37309;1
104765;675100;1
104765;675083;1
104765;675103;1
104765;551147;1
104765;1355858;1
104766;1121953;1
104766;1121865;1
104766;8062;1
104766;1927101;1
104766;1073669;1
104766;675699;1
104766;14440;1
104766;675703;1
104766;490427;1
104766;564219;1
104766;355917;1
104768;675488;1
104772;674777;1
104772;1376008;1
104773;675377;1
104773;675684;1
104773;1277553;1
104773;450864;1
104811;1377978;1
104700;36662;1
104700;675118;1
104700;674398;1
104700;674953;1
104700;550053;1
104706;674346;1
104706;1359038;1
104706;452635;1
104706;545974;1
104706;674974;1
104706;150451;1
104706;550657;1
104707;674529;1
104707;674710;1
104707;794445;1
104707;381693;1
104733;221962;1
104743;1355848;1
104743;1378465;1
104743;674280;1
104743;27610;1
104743;548124;1
104743;674383;1
104743;674445;1
104743;27609;1
104743;674330;1
104743;3730;1
104743;674511;1
104743;28939;1
104842;1510461;1
104842;249814;1
104842;155045;1
104842;364141;1
104902;366279;1
104782;674289;1
104908;2096404;1
104909;2096404;1
104723;674899;1
104723;1355855;1
104723;36662;1
104723;553490;1
104723;674512;1
104723;675054;1
104723;1355853;1
104723;675118;1
104723;674412;1
104723;674290;1
104723;444191;1
104723;674865;1
104723;675042;1
104725;700369;1
104725;16450;1
104725;51056;1
104725;674757;1
104725;675131;1
104725;123693;1
104725;1376006;1
104725;77652;1
104725;1223;1
104725;11674;1
104725;72430;1
104725;161649;1
104725;119162;1
104725;227917;1
104725;674941;1
104725;1280;1
104725;674564;1
104725;674755;1
104725;674535;1
104725;674711;1
104725;173;1
104725;40536;1
104725;16308;1
104725;675075;1
104725;16510;1
104725;674964;1
104725;1369655;1
104725;674815;1
104725;674414;1
104725;29989;1
104725;33202;1
104725;675092;1
104725;139225;1
104725;12417;1
104725;11968;1
104725;93117;1
104725;16591;1
104727;68607;1
104727;453046;1
104729;27029;1
105024;794445;1
105024;674520;1
105024;16485;1
105024;5797;1
105024;381693;1
105024;674529;1
105048;37493;1
105048;674640;1
105048;226851;1
105048;263453;1
105048;556;1
105058;386457;1
105058;68396;1
105058;674906;1
105058;36864;1
104918;674826;1
104951;674431;1
104787;675463;1
104787;1510461;1
104787;1355856;1
104787;548594;1
104787;674364;1
104787;674824;1
104787;674742;1
104787;1941483;1
104787;674738;1
104787;524710;1
104789;674846;1
104789;674376;1
104789;675119;1
104789;1449160;1
104852;405366;1
104852;5582;1
104852;8516;1
104852;674825;1
104852;139286;1
104852;454070;1
104852;56131;1
104852;248669;1
104852;46727;1
104852;46726;1
104888;17411;1
104888;822010;1
104188;675367;1
104791;4730;1
104791;581569;1
104791;480382;1
104791;624161;1
104791;674934;1
104799;450864;1
104799;716337;1
104799;33576;1
104799;674436;1
104799;675684;1
104799;1277553;1
104801;699483;1
104801;486789;1
104801;545509;1
104801;675680;1
104801;674935;1
104801;250508;1
104801;419596;1
104801;674756;1
104801;674353;1
104801;674277;1
104801;365248;1
104801;554892;1
104801;405365;1
104803;360720;1
104803;394996;1
104805;355897;1
104805;27251;1
104805;508604;1
104335;675785;1
104335;675781;1
104398;452635;1
104288;699433;1
104288;742171;1
104288;235211;1
104292;675576;1
104293;675488;1
104593;1379603;1
223;84644;1
104987;1926907;1
104987;675070;1
104987;15990;1
104987;433015;1
104987;1376011;1
104988;674633;1
104988;32869;1
123;281549;1
137;518361;1
137;674494;1
137;674998;1
137;446784;1
137;1543312;1
137;76963;1
137;1355867;1
272;674988;1
56;674536;1
56;52087;1
56;249414;1
56;674999;1
56;717;1
56;328400;1
56;674574;1
56;1363818;1
56;190629;1
56;674286;1
56;674897;1
56;674387;1
56;675052;1
56;364520;1
56;377718;1
56;630886;1
56;674363;1
56;405364;1
168;940358;1
168;674739;1
168;674891;1
43;631810;1
43;34094;1
43;674395;1
43;674844;1
43;675012;1
43;1280054;1
43;674356;1
43;631502;1
43;675111;1
43;1153493;1
43;642083;1
43;1355849;1
43;1503109;1
43;674763;1
43;674977;1
43;675104;1
43;674898;1
43;27570;1
43;675682;1
43;674696;1
43;674314;1
43;675014;1
43;505776;1
43;8543;1
43;546564;1
43;674871;1
43;675128;1
43;674821;1
43;8531;1
43;674369;1
43;675066;1
113;544765;1
76;504310;1
203;675582;1
250;399361;1
250;675733;1
194;397524;1
194;328601;1
19914;421208;1
329;175106;1
328;43740;1
170;1369651;1
170;50440;1
170;674928;1
170;581819;1
153;141484;1
206;675548;1
106172;365189;1
106172;397074;1
106172;497291;1
106172;466768;1
106173;84251;1
106173;1369649;1
106173;699421;1
106174;1369649;1
106175;1369604;1
106176;674793;1
106176;86784;1
106177;675777;1
106177;675399;1
106178;8167;1
106178;64200;1
106179;674348;1
106179;674783;1
106179;56831;1
106179;674444;1
106180;393942;1
106181;1377932;1
106182;798263;1
106183;37820;1
106196;674404;1
106135;1121861;1
106135;675774;1
106136;675774;1
106136;1121861;1
106137;1153494;1
106138;1380301;1
106138;1380836;1
106138;675360;1
106139;675387;1
106140;1121865;1
106141;699374;1
106142;675779;1
106143;1153495;1
106144;675484;1
105732;674992;1
105733;674339;1
105733;188457;1
106166;1369610;1
106167;1380975;1
106167;1369610;1
106197;520664;1
106197;187372;1
106198;675082;1
106199;16303;1
106200;29637;1
106200;26590;1
106200;406787;1
106201;406787;1
106201;29637;1
106201;26590;1
101608;250908;1
101608;529987;1
58;13494;1
58;675000;1
58;27308;1
58;72036;1
58;8917;1
58;27986;1
58;259959;1
58;444419;1
58;13758;1
58;674299;1
58;674389;1
58;334337;1
58;674676;1
58;674349;1
58;674787;1
126;21697;1
126;264453;1
126;20496;1
126;139210;1
126;67010;1
126;18694;1
126;26431;1
87;1449169;1
87;4496;1
27;41644;1
27;48701;1
27;1364024;1
27;674801;1
27;365284;1
27;365538;1
27;674405;1
27;149095;1
27;674331;1
27;74284;1
27;675061;1
162;503213;1
162;43952;1
162;674466;1
162;193281;1
162;674943;1
162;1926820;1
162;1926755;1
162;674733;1
162;23199;1
162;675129;1
10460;1449151;1
11206;11305;1
191;24418;1
191;88100;1
191;213505;1
191;17347;1
191;674685;1
191;17169;1
191;37316;1
191;372438;1
191;675078;1
191;563318;1
191;674629;1
105574;10898;1
176;630396;1
176;551003;1
176;416772;1
176;675724;1
47;674754;1
47;230999;1
47;594843;1
47;675716;1
47;674886;1
47;445395;1
47;1418097;1
47;1594639;1
47;229058;1
47;170395;1
47;1102940;1
100079;1277553;1
100079;674436;1
100079;450864;1
100079;33576;1
181;1380933;1
181;675578;1
181;675787;1
181;675487;1
10918;675684;1
105686;675072;1
105686;675067;1
105709;171062;1
105709;674708;1
105709;674592;1
105709;674944;1
105709;699450;1
105709;674500;1
105709;674673;1
105709;674478;1
105709;567201;1
105709;101924;1
105709;674599;1
105709;101810;1
105709;522483;1
105709;674580;1
105738;33576;1
105739;261343;1
105743;33986;1
105741;33986;1
105742;33986;1
105744;33576;1
105745;674584;1
105746;674584;1
105747;284208;1
105747;674684;1
105747;238429;1
105747;674645;1
105747;85649;1
105747;238127;1
105748;454382;1
105749;1542157;1
105750;674934;1
105751;8193;1
105752;369179;1
105752;674734;1
105752;8193;1
105753;564990;1
105753;230444;1
105753;8193;1
105757;1376013;1
105758;61945;1
105759;674903;1
105759;46385;1
105759;674716;1
105760;547681;1
105761;27029;1
105762;674826;1
105763;14125;1
105764;495572;1
105764;2208;1
105765;119498;1
105766;33216;1
105766;169652;1
105766;4193;1
105768;485738;1
106002;1347272;1
101567;529987;1
104770;465356;1
104770;419508;1
104770;581814;1
104770;1926906;1
104688;284208;1
104688;635;1
104688;1369640;1
104688;2431;1
104688;674654;1
104688;721;1
104688;421334;1
104688;16506;1
104688;99389;1
104688;111390;1
104688;27648;1
104688;27419;1
104688;2524;1
104688;2465;1
104688;674684;1
104688;49847;1
104688;674753;1
104688;674933;1
104688;151300;1
104688;1359038;1
104688;16959;1
104688;238429;1
104688;19469;1
104688;2408;1
104688;38588;1
104688;674741;1
104688;674371;1
104688;95969;1
104688;65728;1
104688;11819;1
104688;674423;1
104688;2327;1
104688;95978;1
104688;674854;1
104688;674645;1
104688;95909;1
104688;675016;1
104688;38569;1
104688;29090;1
104688;674553;1
104688;95970;1
104688;85649;1
104688;238127;1
104688;366279;1
104688;674740;1
105087;1104074;1
105087;421332;1
105769;361469;1
105770;674920;1
105771;675712;1
105771;674449;1
105771;674686;1
105771;246;1
105771;65351;1
105771;674730;1
105772;57175;1
105773;674507;1
105773;674641;1
106168;2095;1
106168;806511;1
106168;2265;1
106168;1159;1
106168;949710;1
106168;675112;1
106168;674861;1
106168;674367;1
106168;2247;1
106168;674272;1
106168;153330;1
106168;674302;1
106168;2130;1
106168;2484;1
106168;32842;1
106168;2131;1
106168;674310;1
106168;2525;1
106168;204115;1
106169;1216;1
106169;674866;1
106169;675031;1
106170;111491;1
106170;373856;1
106170;674895;1
106171;1359040;1
106171;35271;1
106210;674375;1
106210;674649;1
106210;674896;1
106162;675388;1
106212;1378015;1
105683;674994;1
105683;674942;1
105683;466810;1
105683;674969;1
105683;454576;1
105683;674806;1
105683;1418075;1
105683;24806;1
105683;674803;1
105683;61680;1
105683;478059;1
105683;624296;1
105683;674308;1
105683;674922;1
105683;674916;1
105683;675069;1
105683;674997;1
105683;674540;1
105683;674481;1
105683;1674197;1
105683;674970;1
105683;674495;1
105683;674474;1
105683;84624;1
105683;1672484;1
105683;674433;1
105683;674623;1
105683;1926822;1
105683;485902;1
105683;229172;1
105683;674719;1
105683;674946;1
105683;454578;1
105683;143284;1
105683;305519;1
105683;675049;1
105683;430642;1
105683;604643;1
105683;674307;1
105683;460466;1
105683;674317;1
105683;674956;1
105683;674709;1
105683;674913;1
105683;61682;1
105683;112665;1
105683;674967;1
105683;506444;1
105683;674561;1
105683;26386;1
105683;1078476;1
105683;674602;1
105683;226400;1
105683;167260;1
105683;674771;1
105683;610112;1
105684;12465;1
105685;674652;1
105685;674295;1
105685;31491;1
105696;1369646;1
105697;421902;1
105698;22641;1
105699;508828;1
105700;674419;1
105701;456266;1
105702;675731;1
105704;431141;1
105704;674702;1
105704;674351;1
105705;126356;1
105705;674531;1
105774;99024;1
105775;99024;1
105830;27340;1
105830;645898;1
105830;421157;1
105830;1359041;1
105830;1418074;1
105830;1673803;1
105830;674680;1
105830;674461;1
105830;1592294;1
105830;1926909;1
105830;674888;1
105830;378124;1
105830;674539;1
105830;373970;1
105830;674425;1
105830;171587;1
105830;503459;1
105830;455284;1
105830;699437;1
105830;674457;1
105830;373985;1
105830;674823;1
105830;1418014;1
105830;675022;1
105830;430250;1
105830;674600;1
105830;1031364;1
105830;1445828;1
105830;674832;1
105830;1592405;1
105830;1449150;1
105830;420999;1
105830;12506;1
105830;674358;1
105830;711939;1
105830;674639;1
105830;570147;1
105830;12428;1
106146;675456;1
106146;675587;1
106146;675367;1
106146;675419;1
106147;675588;1
106148;675569;1
106149;1381313;1
106149;1380774;1
106149;675368;1
106149;675521;1
106149;675549;1
106149;675616;1
106149;675558;1
106149;675613;1
106150;675394;1
106007;8873;1
106007;381643;1
106007;674607;1
106008;675024;1
106009;674345;1
106010;675516;1
106010;675500;1
106010;374037;1
106010;474532;1
106011;1763651;1
106011;1449181;1
106011;674577;1
106012;253862;1
106014;674598;1
106015;674509;1
106015;1369648;1
106018;1355854;1
106018;705121;1
106020;27912;1
106020;98346;1
106020;674820;1
106020;675055;1
106020;70239;1
106020;151310;1
106020;674547;1
106020;674951;1
106020;16592;1
106075;428690;1
106082;428690;1
106132;675786;1
106133;675786;1
106134;699373;1
106145;1377970;1
105574;675570;1
105574;675539;1
105574;675524;1
105574;675685;1
105574;442943;1
105574;674747;1
105574;674952;1
105574;1064511;1
105574;675063;1
105574;674932;1
105574;56644;1
105574;243124;1
105574;699405;1
105574;300022;1
105574;418344;1
105574;386327;1
105574;65415;1
105574;11002;1
105574;1592400;1
105574;28310;1
105574;1063;1
105574;453722;1
105574;13590;1
105574;53686;1
105574;674814;1
105574;467361;1
105574;5772;1
105574;119640;1
105574;674361;1
105574;402531;1
105574;8633;1
105574;418401;1
105574;431141;1
105574;674351;1
105574;674426;1
105574;446279;1
105574;462435;1
105574;581569;1
105574;675080;1
105574;598447;1
105574;10840;1
105574;51182;1
105574;674798;1
105574;674702;1
105574;840903;1
105574;36864;1
105574;368538;1
105574;674927;1
105574;624185;1
105575;598447;1
105575;10840;1
105575;51182;1
105575;418401;1
105575;368538;1
105575;674798;1
105577;675712;1
105577;674449;1
105577;146;1
105577;214701;1
105577;241;1
105577;210388;1
105577;674730;1
105577;246;1
105577;147;1
105577;674686;1
105577;65351;1
105577;557467;1
105578;1795;1
105578;674344;1
105578;1712;1
105578;674572;1
105597;57175;1
105736;543306;1
105737;581569;1
105737;51182;1
105737;624161;1
105737;480382;1
105734;674333;1
105734;136161;1
105734;88316;1
105734;1051353;1
105706;33889;1
105706;83515;1
105706;366271;1
105706;33986;1
106213;1381154;1
106214;255347;1
106215;47675;1
106215;169321;1
106216;378218;1
106216;63445;1
106217;378218;1
106218;222633;1
106219;314132;1
106220;314132;1
106221;674399;1
106221;674993;1
105636;1672744;1
105637;674684;1
105637;674645;1
105637;85649;1
105637;238127;1
105637;238429;1
105638;674684;1
105638;674645;1
105638;85649;1
105638;238127;1
105638;238429;1
105639;675468;1
105639;1229711;1
105639;83000;1
105639;674605;1
105639;89357;1
105639;674557;1
105639;38898;1
105639;674666;1
105639;674973;1
105639;674388;1
105639;65728;1
105639;150452;1
105639;674971;1
105639;675680;1
105639;674429;1
105639;2039153;1
105639;208749;1
105639;458912;1
105639;366279;1
105639;674394;1
105639;674792;1
105639;66016;1
105639;15086;1
105639;674770;1
105639;32027;1
105639;88739;1
105639;674391;1
105639;674285;1
105639;674548;1
105639;674974;1
105639;674346;1
105639;21845;1
105639;675014;1
105639;674415;1
105639;595277;1
105639;675705;1
105639;139014;1
105639;921;1
105639;674537;1
105639;83044;1
105639;674292;1
105639;38727;1
105639;6723;1
105639;674360;1
105639;674724;1
105639;39857;1
105670;674274;1
105670;674784;1
105670;705952;1
105670;28976;1
105670;674947;1
105670;780491;1
105670;674656;1
105671;59519;1
105671;674454;1
105671;6216;1
105671;550303;1
72;2261;1
105671;675692;1
105671;547836;1
72;1535336;1
105671;152751;1
72;7714;1
105671;675106;1
105671;674420;1
105671;674362;1
105671;583530;1
105671;674937;1
105671;674867;1
105671;5970;1
105671;466038;1
105671;675011;1
72;1038355;1
105671;34197;1
72;674862;1
105671;258371;1
105671;3859;1
105671;1369652;1
105671;549698;1
72;550155;1
72;674948;1
106003;16654;1
106004;16654;1
106005;338934;1
106006;338934;1
106202;1380812;1
106202;1381255;1
106205;675522;1
106206;1204086;1
106207;675374;1
106208;675563;1
106151;675481;1
106152;2096404;1
105735;674572;1
105735;1712;1
105735;674344;1
105735;1795;1
105602;674684;1
105602;674827;1
105602;674645;1
105602;85649;1
105602;238127;1
105602;238429;1
105603;674684;1
105603;674827;1
105603;674645;1
105603;85649;1
105603;238127;1
105603;238429;1
105604;674684;1
105604;238429;1
105604;674645;1
105604;85649;1
105604;238127;1
105831;704780;1
105832;675048;1
105830;26280;1
105832;559106;1
105944;674477;1
105944;1449186;1
105944;23522;1
106001;674731;1
106001;577488;1
106153;675406;1
106154;675490;1
106154;675572;1
106154;675562;1
106155;675814;1
106155;1285397;1
106155;675396;1
106155;675389;1
106156;675398;1
106157;675398;1
106158;675773;1
106158;675399;1
106159;675380;1
106159;675775;1
106160;675593;1
106160;675559;1
106160;675598;1
106161;675600;1
106162;699376;1
106163;675495;1
106164;456123;1
106165;675519;1
105707;49869;1
105707;150989;1
105707;31857;1
105707;31811;1
105707;31804;1
105708;31289;1
105708;674679;1
101164;1380904;1
105574;675597;1
105574;674533;1
105574;1449158;1
106212;575670;1
106009;580438;1
72;675105;1
106212;674309;1
105753;353011;1
106210;1369638;1
105574;675044;1
106544;353011;1
105574;674672;1
11291;16450;1
10260;16450;1
106202;1204085;1
106207;1380340;1
106159;1380340;1
106160;1380340;1
95;1380693;1
99;1380693;1
9;1377982;1
12456;685006;1
51;1379657;1
121;1379657;1
144;1379657;1
105048;1380104;1
104833;1376143;1
181;1121919;1
100097;1214046;1
104803;1626792;1
105639;139940;1
58;1377959;1
219;499120;1
12097;708075;1
104682;1378885;1
121;1592383;1
100;1592383;1
104758;1418091;1
121;1378002;1
100;1378002;1
104725;29890;1
106163;1592384;1
6;49931;1
188;1377982;1
12699;1377982;1
105761;86042;1
107948;674579;1
109551;442077;1
104679;458773;1
105670;1376097;1
104733;1376092;1
56;1379337;1
102709;1380123;1
10980;1121933;1
104209;1121941;1
11758;1380107;1
108157;1380942;1
108158;1380942;1
104681;435188;1
107948;1377622;1
43;1378013;1
105830;1377939;1
108435;1376147;1
108439;630322;1
107948;1763612;1
10653;1379656;1
20092;1380100;1
108436;353270;1
100417;1570706;1
143;1380085;1
105773;366860;1
11177;1448219;1
286;1376123;1
108437;1626777;1
104773;1592322;1
104799;1592322;1
104793;1592322;1
129;1449220;1
108438;1548671;1
11758;1380293;1
106149;1380943;1
104768;1121958;1
250;341603;1
103531;1417028;1
104799;1377974;1
129;1425665;1
104977;319858;1
104295;319858;1
194;1377952;1
160;1380344;1
109545;469866;1
106147;1121863;1
109546;1121863;1
106170;1380087;1
108438;1623950;1
108437;1381004;1
109547;1121939;1
109548;1626776;1
109549;1626764;1
109550;1626764;1
106163;1763559;1
10738;228354;1
21;228354;1
107934;1248741;1
109552;1248741;1
107908;1248741;1
109553;1248741;1
104681;1927217;1
12097;1926834;1
176;626138;1
11540;1376140;1
236;1626732;1
72;1378030;1
51;1378030;1
107;1378030;1
105683;685091;1
106163;674751;1
109554;675081;1
127;65605;1
105707;958409;1
104803;1825632;1
105764;13928;1
104372;675680;1
103531;675680;1
61;674281;1
61;14406;1
109555;547681;1
104568;1380450;1
127;674418;1
104679;674385;1
104707;674385;1
105024;674385;1
106163;1369656;1
108438;1503092;1
20092;1376072;1
11261;1927037;1
11265;1927037;1
117;1927037;1
12786;1927037;1
69;1926835;1
101400;1626748;1
12353;1381980;1
130;1339907;1
72;1339907;1
12353;1540527;1
250;2039301;1
11723;102584;1
35;1380135;1
72;1449229;1
107;1449229;1
51;1449229;1
109706;1926845;1
109707;1380106;1
105574;690661;1
109708;1380577;1
103470;1380695;1
228;1540509;1
11409;1540479;1
11046;1540479;1
105744;1926912;1
100622;1121878;1
106197;1927281;1
9;1121918;1
109709;1121881;1
109711;1592355;1
109712;1592355;1
100417;2039291;1
100079;2039291;1
109713;1379644;1
109714;1379644;1
143;406189;1
102767;1377990;1
20014;81913;1
12670;81913;1
105769;81913;1
10980;81913;1
104793;81913;1
104773;81913;1
20174;1926958;1
56;1927086;1
104799;1927009;1
104773;1927009;1
238;1927009;1
12670;1927009;1
104799;1102616;1
104773;1102616;1
238;1102616;1
12670;1102616;1
10773;364875;1
11400;1926946;1
11400;1926905;1
10752;1926938;1
104912;1927232;1
105744;1383172;1
11451;1926968;1
10980;1926968;1
105766;244636;1
104682;1927204;1
105764;1927022;1
56;1927023;1
56;1926895;1
56;1927205;1
56;52642;1
56;1927266;1
56;1528799;1
56;479591;1
20113;1927267;1
20113;1926896;1
11269;1926896;1
20113;515833;1
11269;515833;1
20113;1927087;1
11269;1927087;1
20113;441984;1
11269;441984;1
11180;1926962;1
11180;455243;1
25;436607;1
25;1926806;1
48;1927024;1
36;1927088;1
12227;1927144;1
133;1927144;1
12227;1926807;1
12227;1926963;1
12227;1927025;1
10188;1927065;1
133;1927025;1
103982;1927206;1
133;1927089;1
271;1746288;1
64;49481;1
56;1925392;1
10906;1927133;1
10919;1927133;1
10849;1927133;1
12694;1927133;1
12670;1927207;1
104799;1927207;1
8;1926964;1
109668;1301588;1
104799;1301588;1
105769;1301588;1
104773;1301588;1
11451;1927268;1
10938;1927090;1
9;1060577;1
188;1060577;1
12699;1060577;1
234;562391;1
12071;1927269;1
11678;1927269;1
12946;1927269;1
11451;486594;1
11177;1926897;1
10188;579815;1
109668;1412359;1
10612;1062422;1
104793;1927270;1
105106;1927271;1
100126;1927145;1
10904;1927145;1
11451;1927208;1
12840;1926808;1
10188;1927146;1
12913;1927146;1
10752;218011;1
12670;218011;1
109668;1289169;1
11409;1927092;1
11046;1927092;1
100417;1927209;1
9;1927093;1
188;1927093;1
12670;568339;1
100079;568339;1
104981;1926809;1
11082;1926809;1
10188;1926966;1
8;1927026;1
10434;1927026;1
104772;1290955;1
109737;1927272;1
9;263849;1
109746;452952;1
109750;1428626;1
10188;1343530;1
20139;1927027;1
109739;1927147;1
11902;1927028;1
100413;1927028;1
101034;1927028;1
10188;6836;1
12967;1348359;1
11400;1162276;1
12576;1927273;1
11177;1927273;1
11409;1671912;1
11046;1671912;1
12576;1927094;1
11362;1927094;1
12666;1926898;1
10695;1926898;1
30011;1927274;1
104793;1927210;1
100126;1927095;1
11242;1926810;1
9;430493;1
10188;167995;1
11678;71663;1
12829;71663;1
11626;71663;1
11451;1927148;1
11451;1926899;1
10980;1926899;1
11177;1927096;1
11939;1927096;1
11400;1927275;1
10056;1927275;1
100097;1763562;1
12913;1926969;1
12913;1331916;1
104799;1331916;1
100126;1342038;1
9;1342038;1
100079;1342038;1
100417;1926900;1
11242;1926900;1
104799;250604;1
104799;250483;1
238;1927276;1
12670;1927276;1
10980;1927276;1
197;1927276;1
104793;1927149;1
100906;1927149;1
104799;1927149;1
188;508707;1
10781;1927277;1
104799;1927277;1
12670;1926811;1
12840;1926811;1
10938;1926811;1
9;603809;1
188;603809;1
104681;603809;1
11177;1926901;1
12576;1926901;1
11362;1926901;1
104681;1926901;1
109668;520120;1
10980;520120;1
11451;1927214;1
12913;1927214;1
10980;1927214;1
109739;1927214;1
11400;1926812;1
11400;1927097;1
109750;1927097;1
11451;1926902;1
11639;1926813;1
11638;1926813;1
10919;1927098;1
30034;1927278;1
109750;1926815;1
10781;622556;1
20171;622556;1
109750;699312;1
11400;699312;1
11242;1926816;1
12576;1677842;1
10907;1248755;1
10188;1926817;1
105106;469313;1
104720;469313;1
104683;469313;1
9;1927279;1
100097;1926818;1
10907;1927280;1
10266;1927100;1
104799;1927100;1
9;1927029;1
10906;1927150;1
9;1926970;1
11362;1926904;1
9;1926982;1
11755;1926982;1
10140;1926982;1
11842;1926982;1
10434;1926982;1
11752;1926982;1
18033;1926982;1
12699;1926982;1
188;1926982;1
11451;1405757;1
12840;1927168;1
104799;430311;1
20014;1248758;1
10781;1248758;1
12670;1248758;1
8;1248758;1
104799;1926776;1
10188;1926923;1
109737;1927043;1
100126;1927112;1
10904;1927112;1
109739;1926924;1
10938;1926846;1
12944;1926925;1
12967;1927226;1
105106;1926983;1
105025;1926983;1
11451;1927156;1
104793;1927113;1
10188;1926847;1
100126;1927044;1
10904;1927044;1
103465;1927044;1
105760;1927169;1
10907;1926926;1
105106;1926849;1
20014;1671735;1
109668;1927227;1
11451;1517937;1
11379;1517937;1
11639;1926850;1
11638;1926850;1
11409;1377224;1
11046;1377224;1
10752;1927114;1
11362;1927228;1
109740;1797534;1
20014;428508;1
9;1926851;1
188;1926851;1
12666;1926852;1
10696;1926852;1
105025;1926852;1
100077;1927170;1
10907;625907;1
105760;1926984;1
109750;1449225;1
100097;1926777;1
188;1927229;1
238;1037721;1
104799;1037721;1
109750;1927171;1
11400;1927171;1
100909;1927171;1
109750;1075318;1
11400;1413663;1
9;1927045;1
10266;1927045;1
197;1927045;1
10434;1927045;1
10980;1926985;1
12967;1926986;1
11242;630975;1
10188;1273600;1
100080;1624674;1
20014;1926927;1
10781;1926927;1
11451;1322310;1
10919;1926778;1
109746;692957;1
9;1285213;1
11400;707528;1
11362;707528;1
234;1926853;1
12840;1926928;1
12840;1927230;1
11902;1927230;1
100413;1927230;1
101034;1927230;1
100126;1926854;1
10906;1926987;1
10188;1926988;1
11400;1927172;1
11362;1927172;1
109750;1926855;1
11400;1926855;1
10188;1141617;1
10849;1927231;1
10906;1927231;1
12071;361203;1
11678;361203;1
12946;361203;1
10919;1378738;1
10849;1378738;1
100126;1926929;1
11409;1926930;1
11046;1926930;1
10904;1926931;1
12967;1926856;1
11400;1521302;1
109750;1927173;1
12967;1927048;1
12071;1926932;1
11678;1926932;1
12946;1926932;1
12947;1926932;1
12829;1926932;1
11626;1926932;1
10188;340673;1
11409;1037777;1
11046;1037777;1
11177;1926990;1
11939;1926990;1
10188;320136;1
10120;320136;1
9;1927049;1
188;1927049;1
11451;1927174;1
12576;1926857;1
80;1926991;1
10188;1927233;1
10188;1926779;1
12967;1563660;1
10188;1037713;1
10188;621164;1
109750;1521160;1
11400;1521160;1
109737;1281325;1
11451;698457;1
109668;520055;1
12666;1926992;1
11678;430410;1
10188;1927050;1
188;1037718;1
188;1037736;1
9;1037736;1
104773;1441421;1
104799;1441421;1
10906;1926780;1
11409;1038036;1
11046;1038036;1
10781;1926781;1
10907;1566128;1
11451;1926993;1
10980;1926993;1
20014;1927175;1
11628;1926933;1
12071;1276066;1
11678;1276066;1
12829;1276066;1
11626;1276066;1
12670;1276066;1
10938;1276066;1
11177;1927116;1
109668;1927176;1
11242;1926782;1
11400;611731;1
109750;611731;1
20139;1927051;1
10849;431685;1
109750;1927234;1
11409;1926994;1
11046;1926994;1
100417;1926783;1
10938;1927177;1
8;1926934;1
234;1926934;1
105769;1926934;1
105106;1926784;1
105025;1926784;1
12967;1926785;1
10531;1926785;1
104981;574917;1
10980;1926786;1
100410;1927085;1
11451;1927085;1
188;1926960;1
10522;680196;1
107;631950;1
10280;1176030;1
10280;1378273;1
101400;1444852;1
101400;1625127;1
12895;366096;1
10167;366096;1
11280;1927052;1
101345;1927117;1
146;1927118;1
11631;1926787;1
259;1927178;1
11156;1927235;1
87;1927236;1
259;1927236;1
100431;1926935;1
12895;1927119;1
10167;1927119;1
12895;1926788;1
43;1926936;1
252;1926858;1
252;1927120;1
100010;1927120;1
252;329541;1
134;1926995;1
11522;1355745;1
11290;1262987;1
72;1927237;1
72;1926859;1
259;1733196;1
10473;1927179;1
114;1926860;1
114;1927180;1
114;77702;1
278;430009;1
278;1070029;1
278;1927053;1
280;1927053;1
43;1927121;1
219;1927121;1
179;1927122;1
250;1377197;1
109744;1763539;1
105681;1540524;1
109741;1540524;1
109742;1540524;1
109743;1540524;1
109744;1540524;1
11061;1544440;1
10266;1301682;1
10264;1301682;1
12670;1301682;1
197;1301682;1
104799;1301682;1
20014;1301682;1
30003;1301682;1
11177;1927054;1
109750;1926937;1
9;1926937;1
10980;1926937;1
197;1926937;1
109739;1927181;1
104683;1927181;1
100079;1927181;1
197;1927181;1
12670;1927181;1
10752;1926996;1
100077;1926939;1
12946;1926789;1
10480;1926789;1
10260;382857;1
10260;418623;1
10260;1926997;1
104283;478192;1
12770;1149921;1
12757;1149921;1
10417;1927055;1
105639;1927056;1
18061;1927057;1
18061;1926940;1
18061;1926861;1
18080;1926861;1
105639;1927058;1
10635;427222;1
10635;352807;1
10635;1422239;1
10635;1926862;1
20174;1442581;1
20174;1926863;1
20174;557248;1
20174;1926790;1
100097;1927042;1
11177;1926961;1
30011;1926804;1
10980;1927265;1
9;1926805;1
188;1926805;1
11409;1789648;1
10907;1927203;1
11847;2039196;1
18061;2039324;1
10417;2039367;1
104283;2039325;1
18072;38729;1
18075;38729;1
104801;38729;1
10511;38729;1
18016;38729;1
104825;38677;1
105639;38677;1
104737;1376719;1
104706;1383254;1
10260;1540490;1
10260;2039368;1
10260;2039369;1
101412;2039349;1
103167;2039286;1
104825;2039370;1
104825;2039350;1
104706;2039326;1
18061;2039351;1
19;1927059;1
19;1926864;1
104682;1379611;1
104682;1927238;1
104682;491;1
104682;1927123;1
109738;694933;1
109738;1377254;1
105765;119754;1
56;1927182;1
56;1926865;1
56;1378008;1
12949;1378008;1
19;1927239;1
19;1926866;1
104682;6341;1
11255;6341;1
174;313824;1
174;360298;1
174;328126;1
174;1926941;1
56;1926941;1
25;1626735;1
25;1927240;1
48;1927241;1
48;1927124;1
48;1927242;1
48;1442757;1
36;244434;1
36;1377964;1
36;1248744;1
163;1926942;1
163;1927125;1
163;247418;1
163;1927243;1
163;366667;1
163;1927183;1
133;149594;1
133;173090;1
163;305459;1
133;305459;1
12227;1926868;1
133;1927126;1
133;499717;1
133;1926869;1
133;699274;1
133;1927127;1
133;1927128;1
133;1376094;1
102767;1376094;1
57;175008;1
240;1377918;1
275;1096822;1
271;515180;1
64;1377377;1
64;592303;1
64;1377225;1
64;1377975;1
64;1926943;1
104683;582954;1
9;586744;1
188;586744;1
10980;586744;1
10979;586744;1
104799;1927184;1
12670;1927130;1
10980;1926870;1
11752;1926870;1
238;1926870;1
197;1926870;1
11451;1927061;1
100417;1927160;1
9;1927160;1
104981;1926914;1
9;1376112;1
188;1376112;1
10188;619398;1
104822;1927062;1
11409;1380102;1
11046;1380102;1
105757;1626739;1
109746;511261;1
8;494066;1
20014;494066;1
10781;494066;1
12670;494066;1
10938;494066;1
10849;494066;1
234;30847;1
10938;693474;1
100098;1297331;1
11400;616942;1
104793;1673970;1
105106;1439373;1
11451;1927185;1
11409;1037712;1
11046;1037712;1
188;1572454;1
102678;1572454;1
9;1572454;1
8;1926999;1
10434;1926999;1
109746;1926791;1
238;1363819;1
197;1363819;1
10980;1363819;1
11752;1363819;1
109750;1724957;1
11409;1410552;1
11046;1410552;1
11400;1220034;1
109750;1220034;1
11400;1926945;1
109750;1926945;1
10907;490644;1
10781;1927244;1
109750;1335704;1
10188;692415;1
188;1927245;1
9;1927245;1
104799;1927245;1
12699;1927245;1
234;570962;1
35;570962;1
11451;455596;1
100077;1926792;1
10938;1927064;1
11639;1926871;1
11638;1926871;1
11362;1567700;1
12670;1927186;1
104727;1927186;1
11400;1927000;1
12261;1037724;1
11407;1037724;1
11408;1037724;1
12261;1279264;1
11407;1279264;1
11408;1279264;1
11409;169054;1
11046;169054;1
10188;1380049;1
9;1927157;1
104773;1377998;1
12670;1377998;1
11902;1927001;1
10044;692515;1
11678;14221;1
12829;14221;1
11626;14221;1
12071;14221;1
12947;14221;1
8;1117804;1
104981;1927002;1
10266;1450297;1
104799;1450297;1
10264;1450297;1
11409;626299;1
12276;626299;1
11451;1592343;1
10980;1592343;1
9;604615;1
20014;520121;1
10781;520121;1
10980;520121;1
11926;520121;1
12670;520121;1
238;520121;1
12840;520121;1
11105;1927187;1
10919;1763569;1
11177;1927246;1
10906;1750027;1
12670;692959;1
238;692959;1
11451;692959;1
104773;692959;1
12913;692959;1
104799;692959;1
105106;1449226;1
105106;1626767;1
10919;1763568;1
10188;1376108;1
105744;1927003;1
104799;1927188;1
8;341327;1
11842;341327;1
188;1926874;1
234;1926874;1
11939;1592320;1
11177;1592320;1
100129;1927004;1
197;1927004;1
10980;1927004;1
12247;1380138;1
10188;1927131;1
234;1927005;1
35;1927005;1
10434;579824;1
10197;311715;1
11017;311715;1
13004;1540483;1
10188;1540498;1
12967;1592335;1
10938;1380093;1
12946;1763572;1
10480;1763572;1
11451;426232;1
11379;426232;1
104799;426232;1
12913;426232;1
109668;436277;1
105106;616367;1
11451;1172876;1
12670;205165;1
238;205165;1
197;205165;1
12670;1376121;1
238;1376121;1
11451;1376121;1
12627;1376121;1
10197;1927006;1
10938;1927066;1
11400;1619524;1
10980;424611;1
12946;1927067;1
12071;1927132;1
12946;1927132;1
11626;1927132;1
11409;453228;1
11046;453228;1
100909;1381735;1
11400;696704;1
109750;696704;1
11400;596528;1
109750;596528;1
10188;1927247;1
10188;619399;1
109668;436278;1
12071;559790;1
11678;559790;1
12946;559790;1
11902;559790;1
12840;1927007;1
12670;1927007;1
238;1927007;1
109750;441100;1
10906;1927248;1
10188;619384;1
10849;1927008;1
10906;1927008;1
10906;1927189;1
10906;460144;1
100126;568340;1
10980;568340;1
109750;470511;1
11400;1265685;1
109750;1265685;1
105106;1438174;1
109750;1563853;1
10752;1926794;1
109750;1824379;1
11400;1927215;1
109750;1927215;1
104981;1927190;1
10188;497877;1
238;1926875;1
10979;1926875;1
12670;1926875;1
104773;1926875;1
10980;1926875;1
11752;1926875;1
10188;328880;1
11939;387990;1
11177;387990;1
105769;442167;1
100129;442167;1
10266;442167;1
10264;442167;1
197;442167;1
10979;442167;1
10980;442167;1
11678;568337;1
12946;568337;1
10480;568337;1
12967;568337;1
10612;568337;1
104683;568337;1
105106;452471;1
11242;1626762;1
100995;1626762;1
10849;1592331;1
10188;619385;1
10188;193962;1
104773;1927250;1
104799;1927250;1
100126;1926876;1
10904;1926876;1
100129;1926832;1
9;1926832;1
188;1926832;1
238;1927251;1
104773;1927251;1
104799;1927251;1
104793;1927134;1
12670;1927134;1
238;1927134;1
104773;1927134;1
104799;1927134;1
109750;586852;1
104793;1193367;1
11451;1832976;1
11177;1927099;1
11451;1677558;1
11177;1926903;1
11400;1926848;1
109750;1926848;1
103797;1376069;1
250;171245;1
107;687528;1
124;714326;1
51;1054194;1
106;1054194;1
105;1054194;1
121;1054194;1
130;1173774;1
146;1270807;1
43;1275690;1
252;1279630;1
226;1333580;1
43;1333580;1
50;1333580;1
116;1347056;1
101400;1349878;1
226;345770;1
168;1364998;1
104691;1376073;1
176;1376098;1
168;1376128;1
10280;1376132;1
10627;1376150;1
121;1377256;1
100;1377256;1
155;1377256;1
107;1377256;1
108;1377256;1
125;1377256;1
104714;1377256;1
108;1377261;1
227;1377261;1
107;1377261;1
250;1377262;1
250;1377937;1
106;1378968;1
105;1378968;1
114;1379641;1
114;1380075;1
226;1380096;1
72;1377134;1
10580;1383167;1
11575;1383167;1
101400;1414543;1
10280;1421862;1
11574;1376134;1
10773;1376134;1
19904;1439217;1
10773;1439375;1
10280;1445925;1
129;1540491;1
19904;1540510;1
124;102752;1
43;1592336;1
47;1592336;1
219;1592336;1
279;1592338;1
43;1592348;1
10773;1592349;1
11280;1604993;1
10280;1607023;1
129;1626744;1
12895;1763555;1
10167;1763555;1
143;1763566;1
11280;1763588;1
114;402091;1
87;430253;1
129;324544;1
116;438452;1
252;471459;1
250;519979;1
10280;490011;1
11061;454842;1
124;515198;1
10280;454366;1
101400;1763585;1
10280;1926878;1
101400;1927252;1
12679;1926948;1
11575;1927135;1
10547;1927253;1
10280;1926879;1
134;1927191;1
20174;1926880;1
20174;1927192;1
11575;1926881;1
10580;1926881;1
146;1926795;1
10627;1927193;1
114;1927254;1
138;1927255;1
282;1926949;1
11631;1926950;1
10209;1927069;1
127;1927136;1
18061;1927020;1
259;1926882;1
250;1926833;1
11280;1927010;1
124;1926883;1
252;1927137;1
87;1927138;1
282;672805;1
10009;711568;1
12968;711568;1
107;1926951;1
72;1926951;1
259;378616;1
10580;1280906;1
20174;1264900;1
10547;1439366;1
11575;1927070;1
43;1926952;1
219;1927071;1
114;1927011;1
114;1927072;1
114;1927256;1
280;76361;1
134;391061;1
19904;1250535;1
19904;346036;1
20174;1626763;1
20174;1589277;1
20174;558931;1
10009;1927216;1
12968;1927216;1
129;1376099;1
100;1376099;1
121;1376099;1
129;1380001;1
136;1380001;1
137;1380001;1
249;298316;1
115;298316;1
11290;1763571;1
11290;1927194;1
11631;628156;1
168;1926884;1
118;1161221;1
11156;704238;1
11156;396930;1
104765;1376148;1
11522;189057;1
129;1927257;1
11574;320007;1
10773;320007;1
259;1927139;1
10034;564955;1
10473;1927073;1
252;1279531;1
252;1927258;1
114;1927012;1
252;1927012;1
252;624199;1
114;597839;1
11280;1926885;1
11280;1926886;1
11280;1927013;1
11280;1927195;1
107;603815;1
11280;1528559;1
250;1926796;1
104691;1927014;1
18080;1927014;1
18078;1927014;1
11336;1334397;1
11336;1926887;1
219;1147515;1
87;1927015;1
51;66547;1
106;1673031;1
107;1673031;1
148;572209;1
127;552841;1
114;1733801;1
87;318060;1
10653;1376126;1
176;433495;1
262;97869;1
168;1340183;1
43;1449166;1
51;258847;1
118;1926797;1
10927;582578;1
43;625730;1
118;26648;1
51;1051419;1
249;1380030;1
125;427183;1
282;1379842;1
226;32821;1
116;1449171;1
10034;1379995;1
11536;32222;1
17045;32222;1
115;59348;1
102767;59348;1
103829;59348;1
103830;59348;1
251;1383058;1
104743;1378980;1
249;179627;1
247;179627;1
10542;1121291;1
10542;143957;1
133;143957;1
250;460266;1
10982;6760;1
134;141205;1
116;141205;1
87;1379111;1
259;1379111;1
11522;705709;1
129;1377351;1
250;489439;1
106;1121299;1
105;1121299;1
20174;1121299;1
10142;622622;1
10142;1763586;1
19904;1377905;1
104908;1377905;1
134;1169899;1
109748;1927196;1
11003;1926953;1
11869;1926953;1
10034;1378134;1
102687;1380584;1
10473;1927197;1
10473;1926954;1
10473;1926798;1
10143;1926955;1
116;1927016;1
10227;467723;1
100031;467723;1
10919;1966506;1
10919;1927074;1
10752;1927017;1
12670;1763584;1
100410;1763584;1
10188;1927075;1
10260;349135;1
10260;1926888;1
10260;1927076;1
10260;1926956;1
10260;1927077;1
10260;1927078;1
12770;1149947;1
12757;1149947;1
165;1926889;1
11480;1926889;1
165;1927018;1
11480;1927018;1
104801;1927018;1
104283;316483;1
104706;1379917;1
10635;1422105;1
104706;681317;1
104297;1359153;1
104297;1927198;1
104706;1927079;1
104706;1926766;1
104706;704821;1
104706;1927200;1
10417;1926957;1
11904;1926890;1
10417;1173912;1
10635;707012;1
104297;19774;1
10635;1927080;1
18061;1926762;1
18080;1926800;1
104888;1927201;1
10511;1927021;1
10635;1927081;1
10635;1927140;1
10635;555345;1
10635;1926801;1
104714;1926801;1
10635;1927259;1
107887;209696;1
104898;209696;1
104283;154537;1
104283;404474;1
104283;1927202;1
104288;1927202;1
104283;1440335;1
104825;1926891;1
104902;1926891;1
11839;199699;1
104297;306619;1
11540;1927141;1
10260;1926802;1
11540;1926763;1
11839;369710;1
104825;14665;1
104902;14665;1
10511;603466;1
12659;367314;1
12659;1280563;1
20174;1280563;1
10580;1075798;1
10982;1927082;1
25;1626747;1
11925;1927142;1
9;1927083;1
104981;1926922;1
100410;1338727;1
109787;1381033;1
106140;1381696;1
104706;60106;1
104706;2039371;1
86;2039371;1
104825;1376139;1
106197;1376154;1
12376;1376139;1
10635;2039287;1
10635;2039220;1
104288;2039220;1
61;2039220;1
47;2039220;1
219;2039220;1
104283;2039221;1
105708;1380032;1
105639;1380032;1
104825;1380005;1
104825;712102;1
104825;712973;1
104737;1377430;1
105734;591640;1
104283;181427;1
104904;1376061;1
104904;2039288;1
104904;1380071;1
101412;2039289;1
101224;2039290;1
10260;2039264;1
104825;2039372;1
10260;2039327;1
104688;2039373;1
11881;252174;1
104682;6288;1
104682;103971;1
56;1927143;1
56;1117936;1
56;1672700;1
174;1927260;1
11180;574221;1
25;1376146;1
36;431456;1
163;1927261;1
163;598833;1
133;598833;1
163;520672;1
133;520672;1
163;311988;1
133;311988;1
163;33827;1
133;33827;1
133;1376261;1
133;1377023;1
133;1139916;1
10752;1139916;1
107924;1139916;1
271;1345403;1
64;1248747;1
64;1626738;1
11926;1248752;1
238;1248752;1
104773;1248752;1
12840;371147;1
12670;371147;1
104773;371147;1
104799;371147;1
12840;573133;1
12670;573133;1
238;573133;1
104773;573133;1
100079;573133;1
11451;1376152;1
8;361444;1
10434;361444;1
10781;363089;1
238;456867;1
104773;456867;1
104799;456867;1
9;1817518;1
10907;695878;1
104793;343041;1
104799;343041;1
104793;441029;1
104799;441029;1
11870;52141;1
11873;52141;1
109791;1381887;1
12038;52141;1
103453;52141;1
104320;52141;1
12670;597145;1
10938;597145;1
11902;597145;1
100413;597145;1
101034;597145;1
100079;597145;1
9;547496;1
188;547496;1
12699;547496;1
10919;617563;1
10938;617563;1
10188;619400;1
10120;619400;1
8;1927262;1
9;299120;1
188;299120;1
11678;14366;1
12946;14366;1
10480;14366;1
11626;14366;1
12071;14366;1
12829;14366;1
10919;1378029;1
10938;1378029;1
104799;715901;1
12946;1926959;1
10480;1926959;1
100126;1763574;1
11636;83217;1
11636;144959;1
11409;1677014;1
11046;1677014;1
12071;1376110;1
11678;1376110;1
12947;1376110;1
11626;1376110;1
20014;520053;1
10653;1334185;1
234;623658;1
35;623658;1
9;1377989;1
188;1377989;1
12699;1377989;1
12670;608601;1
238;608601;1
104773;608601;1
104683;608601;1
10980;608601;1
238;165012;1
104773;165012;1
104799;165012;1
12840;165012;1
10906;1376100;1
168;191172;1
11409;1420377;1
11046;1420377;1
12670;714243;1
10938;714243;1
10938;1344709;1
12670;1344709;1
9;1927084;1
238;12911;1
104799;12911;1
104793;12922;1
104773;12922;1
10980;12922;1
11926;494834;1
12670;494834;1
238;494834;1
104773;494834;1
104799;494834;1
10980;1927263;1
10992;442178;1
118;682106;1
249;1051539;1
10580;1066574;1
250;1069144;1
11574;316774;1
10773;316774;1
11536;1267108;1
252;1279532;1
252;1279628;1
51;347877;1
11536;1376064;1
87;556582;1
252;1378017;1
129;1378025;1
127;1379609;1
107;1379609;1
108;1379609;1
104743;1379609;1
51;1379619;1
10580;1379654;1
12895;1383170;1
10167;1383170;1
51;1418061;1
72;1418061;1
130;1418061;1
90;1418061;1
101345;1439374;1
87;364983;1
11631;1525737;1
12023;1525737;1
140;1540484;1
19904;402280;1
252;410123;1
11536;22393;1
129;1592329;1
143;1626745;1
10627;1757098;1
114;361763;1
10280;454365;1
124;520543;1
114;1376089;1
226;545114;1
249;1378338;1
280;194619;1
138;1540477;1
104765;1540477;1
107;1590761;1
10184;388891;1
107;120674;1
249;94071;1
247;94071;1
246;1380056;1
112;1380047;1
249;1380073;1
226;1380043;1
107;1380024;1
249;182389;1
12910;457258;1
51;1121279;1
112;73070;1
249;30255;1
247;30255;1
11869;1360388;1
11003;1360388;1
10142;1360388;1
119;1927264;1
282;1927033;1
11758;1380126;1
103749;1380624;1
103801;1380624;1
11758;1380990;1
117;1376245;1
11261;1376245;1
11265;1376245;1
118;1926803;1
118;1380578;1
72;596524;1
10635;1422241;1
10511;1380041;1
104;1380041;1
105639;1380041;1
104706;1380041;1
265;1376153;1
104283;1376151;1
11839;3103;1
12005;3103;1
11125;3103;1
10397;3103;1
105510;3103;1
109991;3103;1
20174;1562844;1
12659;1926892;1
238;568338;1
100079;568338;1
104799;568338;1
104773;568338;1
107;1926893;1
72;1926893;1
121;1926893;1
150;1927106;1
11959;1927106;1
109778;1121852;1
109779;1121862;1
106133;1121866;1
106132;1121866;1
109780;1121866;1
109781;1121867;1
109799;1121880;1
10917;1121886;1
10103;1121887;1
234;1121890;1
103854;1121894;1
234;1121895;1
10656;1121896;1
104335;1121897;1
12952;1121898;1
109782;1121906;1
106144;1121913;1
11695;1121914;1
11451;1121922;1
233;1121924;1
101207;1121934;1
104209;1121942;1
10656;1121943;1
106137;1121946;1
233;1121949;1
103092;1121951;1
109782;1121952;1
9;1380127;1
109783;1380140;1
109778;1380183;1
106142;1380245;1
181;1380307;1
104798;1380327;1
10476;1380329;1
185;1380474;1
11695;1380494;1
109804;1380644;1
109803;1380708;1
185;1380832;1
103854;1380833;1
10656;1380842;1
11695;1380877;1
106143;1380924;1
109786;1380941;1
106134;1380996;1
233;1381077;1
185;1381153;1
108251;1381233;1
81;1381416;1
190;1381443;1
106136;1381457;1
109788;1381459;1
109790;1381801;1
102678;1381846;1
109802;1382032;1
187;2039224;1
109805;1382066;1
109792;1382093;1
12952;2039251;1
12952;1380979;1
12952;2039268;1
12353;1626783;1
105734;1376106;1
74;433297;1
104905;132234;1
108438;1592332;1
104803;1356484;1
31000;609761;1
101164;1926775;1
109547;1121905;1
103470;1380150;1
100304;1626740;1
109807;2039198;1
105639;704633;1
12;2039197;1
93;675292;1
106137;1121857;1
116831;1382102;1
10627;630553;1
105708;183821;1
106220;1379629;1
106149;1380108;1
12693;1380112;1
12622;1380122;1
114957;1380125;1
103039;1380128;1
201;1380132;1
193;1380136;1
109707;1380141;1
105010;1380823;1
12622;1380968;1
109712;1380969;1
116871;1380978;1
16;1380984;1
116864;1380989;1
81258;1380993;1
116818;1381001;1
12;1381350;1
116818;1380544;1
35;1380835;1
207;1380838;1
116865;1380849;1
104766;1380894;1
105414;1380949;1
115;421145;1
104690;56713;1
105029;1376048;1
11398;259664;1
104706;390556;1
101567;1376063;1
10517;1161875;1
115;87493;1
104727;1376066;1
194;459679;1
106163;1376070;1
10517;140637;1
11416;1376080;1
104766;71256;1
104288;1376085;1
10495;474601;1
100146;470953;1
11;75302;1
104766;1376096;1
11140;460014;1
104725;1376101;1
105574;76250;1
104754;1376102;1
10584;248537;1
12704;1376107;1
11400;1376109;1
105574;1376114;1
36;1376116;1
116855;1376117;1
3;1376119;1
104766;1376122;1
11267;37095;1
116867;1376125;1
100;1376127;1
104907;365195;1
10102;1266257;1
104766;560750;1
104277;1376137;1
10102;1266270;1
10517;1334901;1
104750;1376149;1
104690;84655;1
107938;1763643;1
104293;1377237;1
10138;1377251;1
105574;143870;1
104791;1377737;1
104681;399340;1
194;1248742;1
104766;1383165;1
104292;433425;1
10588;192574;1
11140;599093;1
104681;36237;1
105639;139782;1
104766;52812;1
104766;1377913;1
12697;434834;1
20092;1340896;1
104750;353628;1
104766;1503492;1
10584;1377929;1
100166;1377931;1
105574;1377935;1
104106;319777;1
116833;322351;1
116866;1162025;1
104766;625898;1
109545;494280;1
10733;1377941;1
12704;1377945;1
10977;471176;1
105574;1377951;1
104725;1377953;1
194;628723;1
104988;81559;1
20092;1377981;1
10244;1377991;1
109545;651088;1
103588;1377996;1
12949;1265566;1
100933;624225;1
11140;1378024;1
20092;1142547;1
11140;1378032;1
207;1378035;1
252;122252;1
126;6706;1
51;367160;1
104899;1379068;1
104988;1379582;1
62;1379583;1
11907;1142450;1
12690;565417;1
103699;1379624;1
100304;1379628;1
104717;317540;1
116869;329498;1
100;302799;1
104717;447948;1
126;1179259;1
104727;103395;1
107;434796;1
104766;477344;1
104717;619010;1
104;388574;1
11682;649507;1
104753;21393;1
104717;515421;1
10138;154;1
105574;280181;1
12588;1380052;1
104750;183934;1
11140;234541;1
63;467796;1
100304;508147;1
116868;687792;1
105574;121457;1
11120;235143;1
137;514258;1
63;1380088;1
116832;1380091;1
116832;1380099;1
104706;1540481;1
100431;1175867;1
105759;1540486;1
116863;693510;1
101414;1540496;1
12723;2039417;1
162;1540511;1
13055;1167181;1
106151;1351456;1
18036;1592325;1
12909;1592333;1
10103;1592339;1
107891;1592340;1
116862;1592347;1
62;1592376;1
11653;1038786;1
62;1592382;1
126;277493;1
116860;1528018;1
100933;1626749;1
11663;1626751;1
105574;1626753;1
63;660844;1
107993;1763538;1
105759;1763557;1
12588;1763589;1
105574;1926756;1
12967;1926760;1
105574;429507;1
116860;1926837;1
115673;1926919;1
129;1589794;1
101280;1927034;1
104803;700566;1
20092;1166082;1
100643;1927218;1
104679;520269;1
87;318390;1
20092;1166082;1
105575;1377935;1
104706;1379068;1
100217;1379628;1
100476;1379628;1
100468;1379628;1
102423;1379628;1
102637;1379628;1
15;277493;1
10193;277493;1
51;1376102;1
11517;2039417;1
12721;2039417;1
20092;1592325;1
100933;1626751;1
105574;103395;1
11663;1626749;1
104768;1377237;1
11206;434834;1
11208;434834;1
12021;434834;1
10869;434834;1
100217;508147;1
100476;508147;1
11624;1377991;1
12014;1377991;1
10531;1926760;1
11729;1038786;1
10101;1038786;1
187;1038786;1
115397;1121857;1
103092;1380112;1
106160;1380969;1
106159;1380969;1
104830;433425;1
11500;1377929;1
12851;1377929;1
102873;190484;1
116917;5028;1
116917;63649;1
116917;63100;1
72;367160;1
11663;624225;1
104727;1379583;1
115414;1382102;1
115902;1380849;1
105103;1382061;1
104292;1382061;1
104830;1382061;1
104924;1382061;1
12661;1382061;1
104924;1382063;1
104515;1382064;1
114899;1382074;1
109790;1382077;1
12723;1382090;1
115990;1382107;1
106137;1380143;1
185;1380177;1
187;1380579;1
109784;1380579;1
103950;1380579;1
116118;1380579;1
188;1540521;1
181;1380620;1
109807;1763549;1
10656;1592358;1
100992;1626787;1
187;2039328;1
109798;1540520;1
115874;2039297;1
109798;1380947;1
108253;1380834;1
109785;1380834;1
109783;1121864;1
109789;1121871;1
114811;1121882;1
114981;1121884;1
188;2096395;1
105574;2096395;1
63;2096395;1
109546;1380156;1
114815;1380311;1
10476;1380532;1
109790;1380607;1
11140;2096408;1
109807;2096424;1
12592;2096425;1
116903;2096371;1
19904;2096380;1
104934;2096444;1
109546;1381774;1
108122;2096358;1
114847;1381000;1
109785;1380944;1
114957;1380524;1
234;1121950;1
10980;1121854;1
114839;1121855;1
104825;193817;1
109782;1121856;1
106137;1121857;1
115397;1121857;1
116918;1121859;1
114875;1121859;1
116919;1121860;1
109790;1121868;1
109790;1121869;1
103848;1121870;1
234;1121872;1
103092;1121874;1
10656;1121875;1
103491;1121876;1
234;1121877;1
103092;1121879;1
114893;1121883;1
104292;1121885;1
114876;1121888;1
101207;1121889;1
104258;1121893;1
108251;1121893;1
114864;1121893;1
114880;1121899;1
10476;1121900;1
10979;1121901;1
114899;1121908;1
105103;1121903;1
104292;1121903;1
104830;1121903;1
104924;1121903;1
100659;1121911;1
114916;1121915;1
114895;1121916;1
12627;1121920;1
104209;1121921;1
109789;1121923;1
185;1121925;1
195;1121927;1
185;1121928;1
10656;1121929;1
234;1121935;1
114957;1121936;1
114831;1121938;1
109824;1121944;1
104685;1121947;1
114817;1121948;1
10476;1121954;1
114818;1121956;1
101250;1121957;1
181;1121959;1
229;1380154;1
109789;1380284;1
188;1380295;1
233;1380295;1
9;1380304;1
109584;1380317;1
114855;1380385;1
103491;1380410;1
20143;1380433;1
10476;1380453;1
114895;1380514;1
182;1380636;1
11088;1380667;1
104258;1380697;1
108375;1380725;1
10476;1380741;1
10476;1380755;1
114842;1380767;1
12721;1380841;1
104209;1380855;1
104209;1380857;1
106140;1380878;1
12693;1380887;1
109789;1380926;1
114856;1380945;1
114861;1380986;1
185;1381005;1
196;1381008;1
109787;1381013;1
114849;1381051;1
109803;1381323;1
12662;1381361;1
108379;1381369;1
10100;1381417;1
105116;1381490;1
106151;1381490;1
106147;1381692;1
109789;1381703;1
81;1381707;1
101161;1381711;1
188;1381711;1
109546;1381726;1
10656;1381740;1
109546;1381748;1
114846;1381761;1
12662;1381772;1
107600;1381770;1
109546;1381774;1
11575;1381779;1
10580;1381783;1
12662;1381786;1
11695;1381792;1
108252;1381795;1
114918;1381795;1
234;1381797;1
109790;1381804;1
182;1381807;1
114862;1381817;1
114925;1381819;1
102660;1381821;1
114877;1381824;1
114933;1381827;1
9;1381830;1
9;1381831;1
101161;1381831;1
9;1381833;1
114936;1381837;1
102678;1381842;1
10210;1381850;1
17040;1381852;1
109548;1381857;1
109548;1381858;1
109548;1381861;1
109548;1381866;1
114820;1381867;1
109803;1381869;1
114916;1381871;1
114916;1381873;1
103744;1381882;1
103744;1381884;1
229;1381895;1
229;1381896;1
229;1381897;1
198;1381898;1
114881;1381900;1
109782;1381905;1
114915;1381907;1
10476;1381914;1
103491;1381915;1
109787;1381918;1
114823;1381921;1
11088;1381922;1
114814;1381925;1
12723;1381927;1
116920;1381938;1
114987;1381938;1
114873;1381938;1
114873;1381940;1
116920;1381940;1
114987;1381940;1
10359;1381951;1
81;1381960;1
109584;1926921;1
103854;1381968;1
104033;1381970;1
12353;1381979;1
197;1381984;1
184;1381995;1
114830;1382002;1
101337;1382013;1
114817;1382022;1
114817;1382023;1
114817;1382024;1
104258;1382025;1
185;1382027;1
17040;1382029;1
109802;1382031;1
17040;1382048;1
104209;1382053;1
10040;1382056;1
10040;1382057;1
108438;1926911;1
11758;1380602;1
109801;1380936;1
109545;2096419;1
116819;2096393;1
12946;2039237;1
10480;2039237;1
104;76760;1
129;1592326;1
116867;1377965;1
25;675842;1
105736;2039345;1
10656;2096372;1
102780;2096381;1
105430;2096359;1
116921;2096397;1
12252;2096360;1
114926;1926771;1
